{"cameraMode":{"drawMode":0,"name":"Shaded","section":"Shading Mode"},"sceneLighting":true,"audioPlay":false,"sceneViewState":{"showFog":true,"showMaterialUpdate":false,"showSkybox":true,"showFlares":true,"showImageEffects":true,"showParticleSystems":true},"in2DMode":false,"pivot":{"x":39.119998931884769,"y":1.994999885559082,"z":55.02000045776367},"rotation":{"x":-0.2357417792081833,"y":-0.6614944338798523,"z":0.23174476623535157,"w":-0.6732174754142761},"size":2.1587984561920168,"orthographic":true}