{"cameraMode":{"drawMode":0,"name":"Shaded","section":"Shading Mode"},"sceneLighting":true,"audioPlay":false,"sceneViewState":{"showFog":true,"showMaterialUpdate":false,"showSkybox":true,"showFlares":true,"showImageEffects":true,"showParticleSystems":true},"in2DMode":false,"pivot":{"x":34.98894119262695,"y":16.812376022338868,"z":10.457097053527832},"rotation":{"x":-0.491091251373291,"y":-0.49608129262924197,"z":0.4204390048980713,"w":-0.5797584652900696},"size":1134.4566650390625,"orthographic":true}