{"cameraMode":{"drawMode":0,"name":"Shaded","section":"Shading Mode"},"sceneLighting":true,"audioPlay":false,"sceneViewState":{"showFog":true,"showMaterialUpdate":false,"showSkybox":true,"showFlares":true,"showImageEffects":true,"showParticleSystems":true},"in2DMode":false,"pivot":{"x":25.775543212890626,"y":9.751057624816895,"z":-19.705825805664064},"rotation":{"x":0.3093016743659973,"y":-0.19163772463798524,"z":0.06379985064268112,"w":0.9292801022529602},"size":0.9532424807548523,"orthographic":false}