{"cameraMode":{"drawMode":0,"name":"Shaded","section":"Shading Mode"},"sceneLighting":true,"audioPlay":false,"sceneViewState":{"showFog":true,"showMaterialUpdate":false,"showSkybox":true,"showFlares":true,"showImageEffects":true,"showParticleSystems":true},"in2DMode":false,"pivot":{"x":28.849933624267579,"y":1.8498859405517579,"z":-11.43060302734375},"rotation":{"x":0.16165873408317567,"y":0.18447653949260713,"z":-0.030769022181630136,"w":0.9689818024635315},"size":15.569992065429688,"orthographic":true}