{"cameraMode":{"drawMode":0,"name":"Shaded","section":"Shading Mode"},"sceneLighting":true,"audioPlay":false,"sceneViewState":{"showFog":true,"showMaterialUpdate":false,"showSkybox":true,"showFlares":true,"showImageEffects":true,"showParticleSystems":true},"in2DMode":false,"pivot":{"x":34.98894119262695,"y":16.812376022338868,"z":10.457097053527832},"rotation":{"x":0.24871531128883363,"y":0.6085107326507568,"z":-0.20906631648540498,"w":0.7240567207336426},"size":57.794227600097659,"orthographic":true}